week,covers,reservations,waitlist,responses,avg_rating,pct_4_or_5_stars
1,1086,831,64,128,4.19,78.1
2,1108,867,94,125,4.41,96.8
3,1121,844,58,118,4.31,90.7
4,1218,925,115,128,4.05,78.9
5,1256,969,117,142,3.91,69.7
6,1268,994,117,144,3.85,69.4
7,1288,1011,142,147,3.86,70.1
8,1366,1049,162,127,3.7,57.5
9,1371,1062,162,188,3.82,69.7
10,1429,1092,184,132,3.43,42.4
11,1379,1059,150,175,4.51,97.1
12,1424,1100,184,150,4.61,97.3
13,1453,1131,184,178,4.47,95.5
14,1394,1058,165,161,4.54,95.7
15,1371,1050,183,145,4.5,97.2
16,1459,1132,212,145,4.5,97.9
