week,day,peak_night,covers,reservations,walk_ins,waitlist,servers,bartenders,covers_per_server,avg_ticket_minutes,avg_drink_wait_minutes,bev_revenue,food_revenue,total_revenue
1,Mon,0,102,81,21,3,5,1,20.4,17.0,4.9,1722,6923.97,8645.97
1,Tue,0,113,84,29,3,5,1,22.6,13.0,5.6,1894,7722.04,9616.04
1,Wed,0,119,92,27,0,5,1,23.8,15.2,6.2,1841,8424.23,10265.23
1,Thu,1,154,120,34,3,6,2,25.7,13.5,3.4,3073,10320.18,13393.18
1,Fri,1,198,142,56,18,7,2,28.3,16.0,5.2,3676,12933.83,16609.83
1,Sat,1,228,178,50,36,7,2,32.6,21.3,6.1,3903,15063.49,18966.49
1,Sun,0,172,134,38,1,5,1,34.4,22.5,9.4,2843,10454.95,13297.95
2,Mon,0,112,91,21,4,5,1,22.4,13.2,5.5,2070,7592.63,9662.63
2,Tue,0,115,93,22,2,5,1,23.0,12.0,5.7,1966,7532.95,9498.95
2,Wed,0,119,96,23,3,5,1,23.8,14.4,6.1,1807,8300.65,10107.65
2,Thu,1,147,115,32,3,6,2,24.5,16.0,4.0,2356,9375.51,11731.51
2,Fri,1,218,163,55,30,7,2,31.1,16.8,6.0,3551,14417.81,17968.81
2,Sat,1,242,186,56,49,7,2,34.6,20.9,6.6,4094,15479.06,19573.06
2,Sun,0,155,123,32,3,5,1,31.0,18.7,7.7,2650,9859.54,12509.54
3,Mon,0,92,73,19,0,5,1,18.4,15.1,4.2,1598,6501.57,8099.57
3,Tue,0,122,90,32,2,5,1,24.4,12.4,7.1,2009,8052.87,10061.87
3,Wed,0,141,105,36,7,5,1,28.2,15.3,7.6,2435,9819.33,12254.33
3,Thu,1,162,117,45,4,6,2,27.0,14.5,3.6,2792,10268.19,13060.19
3,Fri,1,219,162,57,15,7,2,31.3,17.9,4.9,3515,14945.88,18460.88
3,Sat,1,221,169,52,29,7,2,31.6,18.2,4.4,3743,13502.81,17245.81
3,Sun,0,164,128,36,1,5,1,32.8,19.4,8.9,2822,10813.94,13635.94
4,Mon,0,119,87,32,5,5,1,23.8,14.5,6.2,1845,7834.72,9679.72
4,Tue,0,117,86,31,1,5,1,23.4,12.9,7.0,1868,8210.57,10078.57
4,Wed,0,149,111,38,5,5,1,29.8,18.8,8.5,2338,10215.78,12553.78
4,Thu,1,187,140,47,7,6,2,31.2,18.4,4.8,3394,12555.16,15949.16
4,Fri,1,219,171,48,28,7,2,31.3,19.6,5.7,3962,15590.01,19552.01
4,Sat,1,268,201,67,67,7,2,38.3,25.7,7.5,4593,18384.78,22977.78
4,Sun,0,159,129,30,2,5,1,31.8,18.6,9.3,3114,11127.4,14241.4
5,Mon,0,108,84,24,4,5,1,21.6,11.0,5.3,2044,7656.78,9700.78
5,Tue,0,110,85,25,1,5,1,22.0,15.2,5.8,2000,7432.09,9432.09
5,Wed,0,131,95,36,4,5,1,26.2,16.6,6.0,1913,8731.78,10644.78
5,Thu,1,195,154,41,7,6,2,32.5,19.3,5.7,3266,13481.2,16747.2
5,Fri,1,249,180,69,45,7,2,35.6,21.1,6.5,4012,16473.63,20485.63
5,Sat,1,260,210,50,41,7,2,37.1,23.3,6.7,4512,18037.12,22549.12
5,Sun,0,203,161,42,15,5,1,40.6,26.9,11.2,3396,14666.95,18062.95
6,Mon,0,123,94,29,2,5,1,24.6,17.4,7.0,2424,8762.09,11186.09
6,Tue,0,129,102,27,4,5,1,25.8,15.2,5.7,1990,8552.29,10542.29
6,Wed,0,136,109,27,2,5,1,27.2,17.5,7.1,2297,8525.32,10822.32
6,Thu,1,184,146,38,4,6,2,30.7,16.7,5.0,2655,12437.7,15092.7
6,Fri,1,239,189,50,38,7,2,34.1,23.7,6.6,3785,16088.63,19873.63
6,Sat,1,294,223,71,64,7,2,42.0,27.5,8.1,5026,21237.12,26263.12
6,Sun,0,163,131,32,3,5,1,32.6,20.4,9.2,2913,10804.92,13717.92
7,Mon,0,119,92,27,3,5,1,23.8,15.1,5.0,2125,7970.75,10095.75
7,Tue,0,126,96,30,1,5,1,25.2,16.0,8.6,2112,8914.75,11026.75
7,Wed,0,132,101,31,8,5,1,26.4,15.8,7.0,2491,8699.85,11190.85
7,Thu,1,172,134,38,2,6,2,28.7,16.8,5.2,2850,11554.58,14404.58
7,Fri,1,271,216,55,62,7,2,38.7,23.7,6.6,4670,20232.22,24902.22
7,Sat,1,270,216,54,53,7,2,38.6,27.4,7.0,4471,19915.7,24386.7
7,Sun,0,198,156,42,13,5,1,39.6,23.8,10.8,3697,13924.69,17621.69
8,Mon,0,129,100,29,2,5,1,25.8,14.3,6.9,2319,8886.08,11205.08
8,Tue,0,142,110,32,1,5,1,28.4,16.2,8.4,2312,9079.92,11391.92
8,Wed,0,158,124,34,6,5,1,31.6,18.0,9.2,2964,11066.5,14030.5
8,Thu,1,188,142,46,10,6,2,31.3,19.0,5.7,3327,12792.12,16119.12
8,Fri,1,266,209,57,58,7,2,38.0,23.7,6.6,5005,18272.21,23277.21
8,Sat,1,271,206,65,56,7,2,38.7,28.3,7.1,4879,17815.91,22694.91
8,Sun,0,212,158,54,29,5,1,42.4,27.3,10.7,3565,14365.82,17930.82
9,Mon,0,139,106,33,4,5,1,27.8,15.2,8.7,2397,9323.5,11720.5
9,Tue,0,140,103,37,3,5,1,28.0,14.4,8.7,2162,9669.89,11831.89
9,Wed,0,162,127,35,3,5,1,32.4,19.7,8.0,2673,11908.9,14581.9
9,Thu,1,198,146,52,23,6,2,33.0,19.3,5.1,3314,13712.37,17026.37
9,Fri,1,238,189,49,42,7,2,34.0,21.1,6.5,4062,14563.57,18625.57
9,Sat,1,303,246,57,81,7,2,43.3,30.0,8.3,5370,19372.92,24742.92
9,Sun,0,191,145,46,6,5,1,38.2,24.5,9.9,3068,11744.09,14812.09
10,Mon,0,116,83,33,2,5,1,23.2,14.3,6.6,2106,7498.57,9604.57
10,Tue,0,153,116,37,5,5,1,30.6,18.6,7.2,2701,10716.32,13417.32
10,Wed,0,180,146,34,2,5,1,36.0,22.9,8.0,3554,12493.81,16047.81
10,Thu,1,207,163,44,21,6,2,34.5,21.6,5.2,3790,13541.51,17331.51
10,Fri,1,288,219,69,78,7,2,41.1,29.2,7.2,4809,19835.41,24644.41
10,Sat,1,275,206,69,59,7,2,39.3,25.6,7.7,4780,17816.49,22596.49
10,Sun,0,210,159,51,17,5,1,42.0,27.6,11.1,3403,13048.98,16451.98
11,Mon,0,118,96,22,2,5,1,23.6,15.6,4.1,2462,7339.03,9801.03
11,Tue,0,149,115,34,2,5,2,29.8,17.5,4.6,2927,9592.47,12519.47
11,Wed,0,161,123,38,5,6,2,26.8,16.7,3.3,3190,11830.03,15020.03
11,Thu,1,198,161,37,16,7,2,28.3,13.3,5.4,3890,12366.03,16256.03
11,Fri,1,275,210,65,55,10,3,27.5,13.2,5.5,4623,20011.62,24634.62
11,Sat,1,285,206,79,65,10,3,28.5,13.8,5.4,5651,20835.26,26486.26
11,Sun,0,193,148,45,5,7,2,27.6,15.3,5.7,3700,12946.08,16646.08
12,Mon,0,139,108,31,2,5,2,27.8,15.5,5.2,2930,9397.54,12327.54
12,Tue,0,158,117,41,5,6,2,26.3,14.3,4.2,3229,10326.24,13555.24
12,Wed,0,147,119,28,5,5,2,29.4,16.1,3.8,2556,9952.44,12508.44
12,Thu,1,189,145,44,8,7,2,27.0,14.2,5.4,3933,13311.08,17244.08
12,Fri,1,279,223,56,76,10,3,27.9,11.3,5.3,5429,18926.38,24355.38
12,Sat,1,325,244,81,80,11,3,29.5,16.3,5.1,6082,23328.32,29410.32
12,Sun,0,187,144,43,8,7,2,26.7,13.7,4.9,3506,13564.03,17070.03
13,Mon,0,143,109,34,3,5,2,28.6,15.1,3.5,2655,9891.12,12546.12
13,Tue,0,138,105,33,3,5,2,27.6,17.2,4.0,2551,9536.19,12087.19
13,Wed,0,159,126,33,5,6,2,26.5,14.1,4.4,2953,10740.56,13693.56
13,Thu,1,207,152,55,22,7,2,29.6,16.0,6.7,3504,14319.85,17823.85
13,Fri,1,286,231,55,54,10,3,28.6,13.9,4.5,5506,18117.18,23623.18
13,Sat,1,303,235,68,76,11,3,27.5,14.8,4.5,5883,21032.22,26915.22
13,Sun,0,217,173,44,21,8,2,27.1,13.5,5.0,4269,14889.14,19158.14
14,Mon,0,124,94,30,4,5,2,24.8,15.0,4.1,2269,7979.61,10248.61
14,Tue,0,124,96,28,3,5,2,24.8,14.3,3.8,2450,9471.61,11921.61
14,Wed,0,179,134,45,2,6,2,29.8,16.6,4.5,3107,11440.47,14547.47
14,Thu,1,194,140,54,10,7,2,27.7,14.1,5.8,3062,12478.87,15540.87
14,Fri,1,282,207,75,69,10,3,28.2,12.9,4.5,5231,19430.77,24661.77
14,Sat,1,284,232,52,60,10,3,28.4,12.6,4.5,5292,17056.51,22348.51
14,Sun,0,207,155,52,17,7,2,29.6,15.5,5.9,3779,13378.74,17157.74
15,Mon,0,108,81,27,1,5,1,21.6,16.2,5.3,2071,6664.07,8735.07
15,Tue,0,137,98,39,4,5,2,27.4,16.7,3.6,2648,8758.66,11406.66
15,Wed,0,157,115,42,2,6,2,26.2,15.7,3.1,2620,10559.76,13179.76
15,Thu,1,195,155,40,14,7,2,27.9,17.0,4.3,3542,13467.44,17009.44
15,Fri,1,265,216,49,62,9,3,29.4,15.3,4.6,4572,19131.62,23703.62
15,Sat,1,322,235,87,94,11,3,29.3,15.2,6.2,5908,22863.85,28771.85
15,Sun,0,187,150,37,6,7,2,26.7,16.8,3.8,3310,13560.55,16870.55
16,Mon,0,135,108,27,4,5,2,27.0,15.2,3.6,2492,9468.33,11960.33
16,Tue,0,122,93,29,3,5,2,24.4,15.0,3.8,2394,8041.77,10435.77
16,Wed,0,183,145,38,3,7,2,26.1,12.5,4.4,3275,13219.64,16494.64
16,Thu,1,201,155,46,7,7,2,28.7,14.1,5.5,3408,13233.0,16641.0
16,Fri,1,264,204,60,51,9,3,29.3,14.8,4.1,4999,17247.7,22246.7
16,Sat,1,342,262,80,113,12,3,28.5,16.1,5.8,5797,25270.57,31067.57
16,Sun,0,212,165,47,31,8,2,26.5,15.7,6.1,3728,15037.27,18765.27
